{
  "general": {
    "debug": false,
    "itemModNameTooltip": false,
    "bossBarOverlapMode": "PUSH_DOWN",
    "builtinCamouflage": true,
    "ttsMode": "PRESS",
    "fluidMode": "SOURCE_ONLY",
    "reachDistance": 0.0,
    "displayEntities": true,
    "displayBosses": true,
    "displayMode": "TOGGLE",
    "displayTooltip": true,
    "displayBlocks": true,
    "hideFromDebug": true,
    "hideFromTabList": true,
    "enableTextToSpeech": false,
    "hintOverlayToggle": false,
    "hintNarratorToggle": true,
    "previewOverlay": true
  },
  "overlay": {
    "alpha": 0.85,
    "iconMode": "TOP",
    "animation": true,
    "disappearingDelay": 0.0,
    "overlaySquare": false,
    "flipMainHand": true,
    "autoScaleThreshold": 0.4,
    "overlayPosY": 0.97,
    "overlayScale": 1.45,
    "overlayAnchorX": 0.5,
    "overlayAnchorY": 0.0,
    "activeTheme": "jade:sf5",
    "themesHash": -580393361,
    "overlayPosX": 0.5
  },
  "formatting": {
    "modName": "§7§o%s"
  }
}
