{
  "mysticalagriculture:stone": {
    "enabled": false
  },
  "mysticalagriculture:dirt": {
    "enabled": false
  },
  "mysticalagriculture:wood": {
    "enabled": false
  },
  "mysticalagriculture:ice": {
    "enabled": false
  },
  "mysticalagriculture:deepslate": {
    "enabled": false
  },
  "mysticalagriculture:nature": {
    "enabled": false
  },
  "mysticalagriculture:dye": {
    "enabled": false
  },
  "mysticalagriculture:nether": {
    "enabled": false
  },
  "mysticalagriculture:coal": {
    "enabled": false
  },
  "mysticalagriculture:coral": {
    "enabled": false
  },
  "mysticalagriculture:honey": {
    "enabled": false
  },
  "mysticalagriculture:amethyst": {
    "enabled": false
  },
  "mysticalagriculture:pig": {
    "enabled": false
  },
  "mysticalagriculture:chicken": {
    "enabled": false
  },
  "mysticalagriculture:cow": {
    "enabled": false
  },
  "mysticalagriculture:sheep": {
    "enabled": false
  },
  "mysticalagriculture:squid": {
    "enabled": false
  },
  "mysticalagriculture:fish": {
    "enabled": false
  },
  "mysticalagriculture:slime": {
    "enabled": false
  },
  "mysticalagriculture:turtle": {
    "enabled": false
  },
  "mysticalagriculture:rubber": {
    "enabled": false
  },
  "mysticalagriculture:silicon": {
    "enabled": false
  },
  "mysticalagriculture:sulfur": {
    "enabled": false
  },
  "mysticalagriculture:aluminum": {
    "enabled": false
  },
  "mysticalagriculture:saltpeter": {
    "enabled": false
  },
  "mysticalagriculture:apatite": {
    "enabled": false
  },
  "mysticalagriculture:grains_of_infinity": {
    "enabled": false
  },
  "mysticalagriculture:mystical_flower": {
    "enabled": false
  },
  "mysticalagriculture:marble": {
    "enabled": false
  },
  "mysticalagriculture:limestone": {
    "enabled": false
  },
  "mysticalagriculture:basalt": {
    "enabled": false
  },
  "mysticalagriculture:menril": {
    "enabled": false
  },
  "mysticalagriculture:iron": {
    "enabled": false
  },
  "mysticalagriculture:copper": {
    "enabled": false
  },
  "mysticalagriculture:nether_quartz": {
    "enabled": false
  },
  "mysticalagriculture:glowstone": {
    "enabled": false
  },
  "mysticalagriculture:redstone": {
    "enabled": false
  },
  "mysticalagriculture:obsidian": {
    "enabled": false
  },
  "mysticalagriculture:prismarine": {
    "enabled": false
  },
  "mysticalagriculture:zombie": {
    "enabled": false
  },
  "mysticalagriculture:skeleton": {
    "enabled": false
  },
  "mysticalagriculture:creeper": {
    "enabled": false
  },
  "mysticalagriculture:spider": {
    "enabled": false
  },
  "mysticalagriculture:rabbit": {
    "enabled": false
  },
  "mysticalagriculture:tin": {
    "enabled": false
  },
  "mysticalagriculture:bronze": {
    "enabled": false
  },
  "mysticalagriculture:zinc": {
    "enabled": false
  },
  "mysticalagriculture:brass": {
    "enabled": false
  },
  "mysticalagriculture:silver": {
    "enabled": false
  },
  "mysticalagriculture:lead": {
    "enabled": false
  },
  "mysticalagriculture:blizz": {
    "enabled": false
  },
  "mysticalagriculture:graphite": {
    "enabled": false
  },
  "mysticalagriculture:blitz": {
    "enabled": false
  },
  "mysticalagriculture:basalz": {
    "enabled": false
  },
  "mysticalagriculture:amethyst_bronze": {
    "enabled": false
  },
  "mysticalagriculture:slimesteel": {
    "enabled": false
  },
  "mysticalagriculture:pig_iron": {
    "enabled": false
  },
  "mysticalagriculture:copper_alloy": {
    "enabled": false
  },
  "mysticalagriculture:redstone_alloy": {
    "enabled": false
  },
  "mysticalagriculture:conductive_alloy": {
    "enabled": false
  },
  "mysticalagriculture:manasteel": {
    "enabled": false
  },
  "mysticalagriculture:steeleaf": {
    "enabled": false
  },
  "mysticalagriculture:ironwood": {
    "enabled": false
  },
  "mysticalagriculture:aquamarine": {
    "enabled": false
  },
  "mysticalagriculture:sky_stone": {
    "enabled": false
  },
  "mysticalagriculture:certus_quartz": {
    "enabled": false
  },
  "mysticalagriculture:quartz_enriched_iron": {
    "enabled": false
  },
  "mysticalagriculture:gold": {
    "enabled": false
  },
  "mysticalagriculture:lapis_lazuli": {
    "enabled": false
  },
  "mysticalagriculture:end": {
    "enabled": false
  },
  "mysticalagriculture:experience": {
    "enabled": false
  },
  "mysticalagriculture:blaze": {
    "enabled": false
  },
  "mysticalagriculture:ghast": {
    "enabled": false
  },
  "mysticalagriculture:enderman": {
    "enabled": false
  },
  "mysticalagriculture:steel": {
    "enabled": false
  },
  "mysticalagriculture:nickel": {
    "enabled": false
  },
  "mysticalagriculture:constantan": {
    "enabled": false
  },
  "mysticalagriculture:electrum": {
    "enabled": false
  },
  "mysticalagriculture:invar": {
    "enabled": false
  },
  "mysticalagriculture:mithril": {
    "enabled": false
  },
  "mysticalagriculture:tungsten": {
    "enabled": false
  },
  "mysticalagriculture:titanium": {
    "enabled": false
  },
  "mysticalagriculture:uranium": {
    "enabled": false
  },
  "mysticalagriculture:chrome": {
    "enabled": false
  },
  "mysticalagriculture:ruby": {
    "enabled": false
  },
  "mysticalagriculture:sapphire": {
    "enabled": false
  },
  "mysticalagriculture:peridot": {
    "enabled": false
  },
  "mysticalagriculture:signalum": {
    "enabled": false
  },
  "mysticalagriculture:lumium": {
    "enabled": false
  },
  "mysticalagriculture:flux_infused_ingot": {
    "enabled": false
  },
  "mysticalagriculture:hop_graphite": {
    "enabled": false
  },
  "mysticalagriculture:cobalt": {
    "enabled": false
  },
  "mysticalagriculture:rose_gold": {
    "enabled": false
  },
  "mysticalagriculture:soularium": {
    "enabled": false
  },
  "mysticalagriculture:dark_steel": {
    "enabled": false
  },
  "mysticalagriculture:pulsating_alloy": {
    "enabled": false
  },
  "mysticalagriculture:energetic_alloy": {
    "enabled": false
  },
  "mysticalagriculture:elementium": {
    "enabled": false
  },
  "mysticalagriculture:osmium": {
    "enabled": false
  },
  "mysticalagriculture:fluorite": {
    "enabled": false
  },
  "mysticalagriculture:refined_glowstone": {
    "enabled": false
  },
  "mysticalagriculture:refined_obsidian": {
    "enabled": false
  },
  "mysticalagriculture:knightmetal": {
    "enabled": false
  },
  "mysticalagriculture:fiery_ingot": {
    "enabled": false
  },
  "mysticalagriculture:starmetal": {
    "enabled": false
  },
  "mysticalagriculture:compressed_iron": {
    "enabled": false
  },
  "mysticalagriculture:fluix": {
    "enabled": false
  },
  "mysticalagriculture:energized_steel": {
    "enabled": false
  },
  "mysticalagriculture:blazing_crystal": {
    "enabled": false
  },
  "mysticalagriculture:diamond": {
    "enabled": false
  },
  "mysticalagriculture:emerald": {
    "enabled": false
  },
  "mysticalagriculture:netherite": {
    "enabled": false
  },
  "mysticalagriculture:wither_skeleton": {
    "enabled": false
  },
  "mysticalagriculture:platinum": {
    "enabled": false
  },
  "mysticalagriculture:iridium": {
    "enabled": false
  },
  "mysticalagriculture:enderium": {
    "enabled": false
  },
  "mysticalagriculture:flux_infused_gem": {
    "enabled": false
  },
  "mysticalagriculture:manyullyn": {
    "enabled": false
  },
  "mysticalagriculture:queens_slime": {
    "enabled": false
  },
  "mysticalagriculture:hepatizon": {
    "enabled": false
  },
  "mysticalagriculture:vibrant_alloy": {
    "enabled": false
  },
  "mysticalagriculture:end_steel": {
    "enabled": false
  },
  "mysticalagriculture:terrasteel": {
    "enabled": false
  },
  "mysticalagriculture:rock_crystal": {
    "enabled": false
  },
  "mysticalagriculture:draconium": {
    "enabled": false
  },
  "mysticalagriculture:yellorium": {
    "enabled": false
  },
  "mysticalagriculture:cyanite": {
    "enabled": false
  },
  "mysticalagriculture:niotic_crystal": {
    "enabled": false
  },
  "mysticalagriculture:spirited_crystal": {
    "enabled": false
  },
  "mysticalagriculture:uraninite": {
    "enabled": false
  }
}
