{
  "version": 2,
  "enableBridgingAssist": true,
  "onlyBridgeWhenCrouched": false,
  "supportedBridgeAxes": "BOTH",
  "supportedBridgeAxesWhenCrouched": "FALLBACK",
  "delayPostBridging": 4,
  "showCrosshair": true,
  "showOutline": true,
  "showOutlineEvenWhenNotBridging": false,
  "nonBridgeRespectsCrouchRules": true,
  "outlineColour": 16711680,
  "skipTorchBridging": true,
  "enableSlabAssist": true,
  "enableNonSolidReplace": true,
  "showDebugHighlight": true,
  "showNonBridgingDebugHighlight": false,
  "showDebugTrace": false
}
