{
  "defaultOptions": {
    "offset": 0,
    "animated": false,
    "hasMarker": true,
    "color": "green"
  },
  "overrides": {
    "minecraft:block/sweet_berry_bush_stage3": {
      "offset": 2,
      "animated": false,
      "hasMarker": true,
      "color": "green"
    },
    "minecraft:block/sweet_berry_bush_stage2": {
      "offset": 2,
      "animated": false,
      "hasMarker": true,
      "color": "yellow"
    },
    "minecraft:block/beetroots_stage3": {
      "offset": -4,
      "animated": false,
      "hasMarker": true,
      "color": "red"
    },
    "minecraft:block/nether_wart_stage2": {
      "offset": -1,
      "animated": false,
      "hasMarker": true,
      "color": "red"
    },
    "minecraft:block/carrots_stage3": {
      "offset": -2,
      "animated": false,
      "hasMarker": true,
      "color": "orange"
    },
    "minecraft:block/potatoes_stage3": {
      "offset": 1,
      "animated": false,
      "hasMarker": true,
      "color": "green"
    },
    "minecraft:block/wheat_stage7": {
      "offset": 1,
      "animated": false,
      "hasMarker": true,
      "color": "yellow"
    },
    "immersiveengineering:block/hemp/bottom4": {
      "offset": 15,
      "animated": false,
      "hasMarker": true,
      "color": "green"
    },
    "mysticalagriculture:block/none_crop_crop7": {
      "offset": 15,
      "animated": false,
      "hasMarker": true,
      "color": "blue"
    },
    "mysticalagriculture:block/inferium_crop": {
      "offset": 15,
      "animated": false,
      "hasMarker": true,
      "color": "blue"
    },
    "mysticalagriculture:block/flower_dust_resource": {
      "offset": 15,
      "animated": true,
      "hasMarker": true,
      "color": "red"
    }
  }
}
