{
  "__comment": "Instructions: https://blakesmods.com/docs/cucumber/tags-config",
  "forge:ingots/aluminum": "exnihilosequentia:aluminum_ingot",
  "forge:ingots/constantan": "immersiveengineering:ingot_constantan",
  "forge:ingots/tungsten": "null",
  "forge:ingots/mithril": "null",
  "forge:ingots/tin": "exnihilosequentia:tin_ingot",
  "forge:ingots/iridium": "null",
  "forge:ingots/zinc": "create:zinc_ingot",
  "forge:gems/sapphire": "null",
  "forge:ingots/bronze": "thermal:bronze_ingot",
  "forge:ingots/invar": "null",
  "forge:gems/ruby": "null",
  "forge:dusts/niter": "null",
  "forge:ingots/chrome": "null",
  "forge:ingots/electrum": "immersiveengineering:ingot_electrum",
  "forge:silicon": "enderio:silicon",
  "forge:gems/apatite": "null",
  "forge:ingots/brass": "create:brass_ingot",
  "forge:ingots/silver": "exnihilosequentia:silver_ingot",
  "forge:dusts/saltpeter": "immersiveengineering:dust_saltpeter",
  "forge:ingots/steel": "immersiveengineering:ingot_steel",
  "forge:ingots/titanium": "null",
  "forge:rubber": "null",
  "forge:ingots/platinum": "exnihilosequentia:platinum_ingot",
  "forge:dusts/sulfur": "immersiveengineering:dust_sulfur",
  "forge:ingots/lead": "exnihilosequentia:lead_ingot",
  "forge:ingots/graphite": "null",
  "forge:gems/peridot": "null",
  "forge:ingots/uranium": "exnihilosequentia:uranium_ingot",
  "forge:ingots/nickel": "exnihilosequentia:nickel_ingot"
}