{
  "// Whether to allow players to have capes. WARNING! This will toggle ALL capes!": "(default: true)",
  "allow_capes": true,
  "// Default skin for new players. Use command `/fabrictailor setDefaultSkin` to set those values.": "",
  "default_skin": {
    "// Whether to apply the default skin to ALL new players, not just those without skin.": "(default: false)",
    "apply_to_all": true,
    "value": "",
    "signature": ""
  },
  "// How quickly can player change the skin, in seconds. -1 for no limit. If using this in server environment, -1 is not recommended.": "(default in singleplayer: -1, default for server: 60)",
  "skin_change_timer": -1,
  "// Custom skin server URL (takes priority over default minecraft usernames).": "",
  "// Leave empty to use default minecraft usernames (and ely.by fallback).": "",
  "// Available parameters: {player}. Example: https://skins.samolego.org/{player}.png": "",
  "custom_skin_server": "",
  "texture_allowed_domains": [
    "crafatar.com",
    "mojang.com",
    "discord.com",
    "imgur.com",
    "mc-heads.net",
    "duckduckgo.com",
    "githubusercontent.com",
    "namemc.com",
    "ely.by",
    "nocookie.net",
    "minecraftskins.com",
    "minecraft.net",
    "googleusercontent.com",
    "planetminecraft.com"
  ]
}