{
  "checkForNewUpdates": false,
  "enableCopperGolem": false,
  "generateCopperGolemAreaStructure": false,
  "copperGolemAreaStructureWeight": 1,
  "generateCopperGolemInAncientCity": false,
  "copperGolemAncientCityCenterWeight": 3,
  "enableGlare": false,
  "enableGlareSpawn": true,
  "enableGlareGriefing": true,
  "glareSpawnWeight": 4,
  "glareSpawnMinGroupSize": 1,
  "glareSpawnMaxGroupSize": 1,
  "enableMauler": false,
  "enableMaulerSpawn": false,
  "maulerDesertSpawnWeight": 8,
  "maulerDesertSpawnMinGroupSize": 1,
  "maulerDesertSpawnMaxGroupSize": 1,
  "maulerBadlandsSpawnWeight": 16,
  "maulerBadlandsSpawnMinGroupSize": 1,
  "maulerBadlandsSpawnMaxGroupSize": 1,
  "maulerSavannaSpawnWeight": 32,
  "maulerSavannaSpawnMinGroupSize": 1,
  "maulerSavannaSpawnMaxGroupSize": 1,
  "enableMoobloom": true,
  "enableMoobloomSpawn": false,
  "moobloomFlowerForestSpawnWeight": 32,
  "moobloomFlowerForestSpawnMinGroupSize": 2,
  "moobloomFlowerForestSpawnMaxGroupSize": 4,
  "moobloomMeadowSpawnWeight": 2,
  "moobloomMeadowSpawnMinGroupSize": 2,
  "moobloomMeadowSpawnMaxGroupSize": 4,
  "enableIceologer": false,
  "enableIceologerSpawn": false,
  "enableIceologerInRaids": true,
  "generateIceologerCabinStructure": false,
  "enableIllusioner": true,
  "enableIllusionerSpawn": false,
  "enableIllusionerInRaids": true,
  "generateIllusionerShackStructure": false,
  "generateIllusionerTrainingGroundsStructure": false,
  "enableZombieHorseTrap": false,
  "enableRascal": false,
  "enableRascalSpawn": false,
  "enableTuffGolem": false,
  "generateTuffGolemInStronghold": false,
  "enableWildfire": false,
  "generateCitadelStructure": false,
  "enableBeekeeperVillagerProfession": true,
  "generateBeekeeperAreaStructure": false,
  "beekeeperAreaStructureWeight": 2
}
